2020-11-10 23:14:11,17,8,2020.11.10,600,briangaldamez,Ainceer,1013,1193,Ainceer,1193,Black,A06,Reti Opening 1...d5,True,35,67.54,86.4,48.14,68.11,14,0,0,3,2,1,9,1
2020-11-11 17:20:44,18,8,2020.11.11,600,Ainceer,lenin166,1215,1185,Ainceer,1215,White,D00,Queens Pawn Opening Accelerated London System,True,21,85.84,85.75,99.69,72.09,9,0,0,2,1,1,1,2
2020-11-11 17:29:38,19,10,2020.11.11,600,Checkmate1678,Ainceer,1153,1233,Ainceer,1233,Black,B40,Sicilian Defense French Variation,True,13,79.08,98.88,58.52,74.89,4,1,1,0,2,1,1,1
2020-11-11 17:42:51,20,10,2020.11.11,600,sivertsen8,Ainceer,1217,1212,Ainceer,1212,White,B32,Sicilian Defense Open Franco Sicilian Variation,False,40,81.55,67.01,91.93,85.71,17,4,4,5,1,0,5,0
2020-11-11 17:58:54,21,10,2020.11.11,600,Ainceer,sivertsen8,1194,1225,Ainceer,1194,Black,D00,Queens Pawn Opening Accelerated London System,False,30,84.28,97.07,91.17,64.6,13,2,2,4,0,0,3,2
2020-11-11 18:57:49,22,10,2020.11.11,600,Da_Monke_Say_What,Ainceer,1199,1212,Ainceer,1212,Black,B40,Sicilian Defense Pin Variation,True,42,76.1,66.31,84.81,77.16,20,1,1,2,1,1,8,0
2020-11-11 20:04:51,23,10,2020.11.11,600,Guest8757995112,Ainceer,800,1212,Ainceer,1212,Black,D00,Queens Pawn Opening 1...d5,True,32,63.76,71.23,50.64,68.66,7,1,1,4,3,3,6,1
2020-11-11 20:18:33,24,10,2020.11.11,600,Ainceer,Guest8757995112,1212,800,Ainceer,1212,White,C23,Bishops Opening Khan Gambit,True,43,52.21,64.86,36.5,54.36,13,3,3,0,1,2,18,1
2020-11-12 12:08:09,25,10,2020.11.12,600,pradeep7492,Ainceer,1224,1230,Ainceer,1230,Black,D10,Slav Defense 3.Nc3,True,14,77.76,89.14,90.42,47.7,4,2,2,1,1,0,2,2
2020-11-12 12:12:45,26,10,2020.11.12,600,Ainceer,Pmargiolas,1213,1211,Ainceer,1213,Black,A40,Queens Pawn Opening Mikenas Defense 2.Nf3,False,19,65.47,79.63,59.84,54.59,4,3,3,1,1,0,6,2
2020-11-12 12:19:27,27,10,2020.11.12,600,Ainceer,SteBer90,1229,1226,Ainceer,1229,White,D00,Queens Pawn Opening Accelerated London System,True,29,76.31,96.37,81.87,47.85,7,3,3,1,1,3,4,2
2020-11-12 12:31:41,28,10,2020.11.12,600,Ainceer,RoseGold3000,1216,1279,Ainceer,1216,Black,D00,Queens Pawn Opening Accelerated London System,False,30,57.12,75.33,53.41,42.62,7,2,2,1,5,4,7,2
2020-11-12 20:12:15,29,10,2020.11.12,600,Luckyvitez1979,Ainceer,1202,1201,Ainceer,1201,White,A00,Kings Fianchetto Opening 1...e5 2.Bg2,False,44,72.73,84.94,43.83,90.62,10,7,7,4,2,2,8,1
2020-11-12 20:24:28,30,10,2020.11.12,600,Ainceer,riteshom,1189,1245,Ainceer,1189,Black,D02,Queens Pawn Opening Zukertort Chigorin Variation,False,19,76.85,93.4,79.91,54.48,3,2,2,3,2,0,2,2
2020-11-12 20:56:19,31,10,2020.11.12,600,Lemonchips,Ainceer,1214,1177,Ainceer,1177,White,C21,Center Game,False,21,47.1,45.3,44.81,51.87,5,0,0,0,0,1,10,1
2020-11-13 17:48:17,32,10,2020.11.13,600,manne1,Ainceer,1175,1190,Ainceer,1190,Black,D00,Queens Pawn Opening Accelerated London System,True,28,74.19,83.3,70.65,67.6,12,2,2,3,1,1,5,2
2020-11-13 18:16:21,33,10,2020.11.13,600,alexander220204,Ainceer,1187,1203,Ainceer,1203,Black,B50,Sicilian Defense 2.Nf3 d6,True,30,63.11,50.14,84.3,54.9,9,6,6,1,1,2,8,0
2020-11-13 19:00:33,34,10,2020.11.13,600,captaintelb,Ainceer,1244,1192,Ainceer,1192,White,B20,Sicilian Defense Bowdler Attack,False,24,63.61,90.88,44.66,54.1,5,0,0,5,3,1,5,1
2020-11-13 19:09:16,35,10,2020.11.13,600,Ainceer,chopsticks10,1181,1212,Ainceer,1181,Black,C00,French Defense Normal Variation,False,25,65.59,91.93,63.68,37.88,7,1,1,1,2,0,7,2
2020-11-13 22:56:48,36,10,2020.11.13,180,Ainceer,LanguageNerd,1018,1195,Ainceer,1018,Black,A40,Queens Pawn Opening Horwitz Defense 2.Bf4,False,25,65.34,90.71,63.97,38.18,4,1,1,4,1,1,6,2
2020-11-13 23:01:08,37,10,2020.11.13,180,Ainceer,osocratico,1161,1083,Ainceer,1161,White,A40,Queens Pawn Opening Horwitz Defense 2.Bf4,True,15,82.2,95.37,97.65,53.58,6,1,1,1,0,0,2,2
2020-11-13 23:03:24,38,10,2020.11.13,180,Ainceer,D4one,1060,1122,Ainceer,1060,Black,A40,Queens Pawn Opening Horwitz Defense 2.Bf4,False,6,81.27,91.28,99.78,52.74,1,1,1,0,0,0,1,2
2020-11-13 23:04:16,39,10,2020.11.13,180,sjacob89,Ainceer,1155,1006,Ainceer,1006,White,D02,Queens Pawn Opening Zukertort Chigorin Variation,False,31,72.91,89.86,72.3,56.57,11,1,1,1,1,3,5,2
2020-11-14 14:29:05,40,10,2020.11.14,600,nialsigh,Ainceer,1236,1171,Ainceer,1171,White,B20,Sicilian Defense,False,56,75.58,87.62,67.83,70.63,25,5,5,2,2,0,11,1
2020-11-14 14:42:17,41,10,2020.11.14,600,Ainceer,tejas3010,1160,1173,Ainceer,1160,Black,D00,Queens Pawn Opening Accelerated London System,False,12,63.94,97.86,32.0,61.98,4,0,0,0,1,1,3,1
2020-11-14 14:44:43,42,10,2020.11.14,600,mahdihoseinii,Ainceer,1175,1150,Ainceer,1150,White,B20,Sicilian Defense,False,14,72.61,97.7,67.96,45.9,5,0,0,1,0,0,3,2
2020-11-14 14:49:38,43,10,2020.11.14,600,SamusAndrei,Ainceer,1144,1139,Ainceer,1139,White,B21,Sicilian Defense Smith Morra Gambit...3.Qxd4 Nc6 4.Qd1 Nf6,False,18,60.96,76.56,64.86,37.58,7,0,0,2,1,0,6,2
2020-11-14 14:58:14,44,10,2020.11.14,600,endamccabe,Ainceer,1112,1128,Ainceer,1128,White,D00,Queens Pawn Opening Accelerated London System,False,24,64.24,87.72,55.24,49.75,6,0,0,2,0,0,8,2
2020-11-14 15:13:02,45,10,2020.11.14,600,Ainceer,brownRoyalty,1138,1129,Ainceer,1138,White,A40,Queens Pawn Opening Horwitz Defense 2.Bf4,True,27,82.85,87.1,78.57,82.87,11,4,4,1,2,0,3,1
2020-11-14 18:49:05,46,10,2020.11.14,600,Ainceer,lukaszek666,1147,1120,Ainceer,1147,White,A45,Indian Game,True,72,68.48,70.29,72.53,62.62,26,2,2,4,5,2,18,2
2020-11-15 15:25:55,47,10,2020.11.15,600,kepje,Ainceer,1194,1139,Ainceer,1139,White,D30,Queens Gambit Declined,False,27,55.77,84.28,18.24,64.8,6,2,2,3,1,2,9,1
2020-11-15 15:41:18,48,10,2020.11.15,600,Ainceer,djthap,1149,1154,Ainceer,1149,White,D00,Queens Pawn Opening Accelerated London System,True,22,84.14,88.8,78.19,84.77,8,2,2,1,1,1,2,1
2020-11-15 15:58:36,49,10,2020.11.15,600,Ainceer,xvovikx,1140,1137,Ainceer,1140,Black,A40,Queens Pawn Opening 1...c6,False,12,69.02,98.47,65.23,43.35,3,1,1,2,0,0,3,2
2020-11-15 16:02:55,50,10,2020.11.15,600,xvovikx,Ainceer,1129,1148,Ainceer,1148,Black,D00,Queens Pawn Opening 1...d5,True,62,78.58,75.94,78.01,81.94,29,5,5,1,2,2,10,0
2020-11-16 12:15:00,51,10,2020.11.16,600,mohamedhayder9,Ainceer,1086,1155,Ainceer,1155,Black,C45,Scotch Game,True,14,79.17,81.09,60.59,100.0,9,0,0,0,0,0,3,1
2020-11-16 12:18:27,52,10,2020.11.16,600,Ainceer,Cid27,1162,1106,Ainceer,1162,White,A40,Englund Gambit,True,34,61.48,42.92,81.86,61.36,6,4,4,2,3,2,9,0
2020-11-16 12:39:13,53,10,2020.11.16,600,Ainceer,forlit,1171,1195,Ainceer,1171,White,D00,Queens Pawn Opening Accelerated London System,True,37,65.1,93.68,67.28,31.96,13,3,3,1,3,1,10,2
2020-11-17 10:47:40,54,10,2020.11.17,600,ATon1s,Ainceer,1188,1171,Ainceer,1171,Draw,C23,Bishops Opening,False,15,93.37,85.99,97.63,97.28,7,1,1,2,0,0,0,0
2020-11-17 10:52:55,55,10,2020.11.17,600,panu13,Ainceer,1132,1178,Ainceer,1178,Black,C44,Kings Pawn Opening Kings Knight Variation 2...Nc6,True,13,77.46,99.82,51.95,75.0,6,0,0,1,0,1,2,1
2020-11-17 11:00:52,56,10,2020.11.17,600,AndriaCasteddu,Ainceer,1154,1169,Ainceer,1169,White,C20,Kings Pawn Opening Wayward Queen Attack 2...Nc6 3.Bc4 Nh6,False,21,59.52,58.45,81.47,35.15,7,2,2,1,2,1,6,2
2020-11-17 11:07:43,57,10,2020.11.17,600,Ainceer,TexasYazd,1162,1211,Ainceer,1162,Black,D00,Queens Pawn Opening Accelerated London System,False,29,51.23,72.81,34.87,45.41,3,3,3,1,3,2,11,1
2020-11-17 19:08:36,58,10,2020.11.17,600,Ainceer,Lasik44,1153,1124,Ainceer,1153,Black,D00,Queens Pawn Opening Accelerated London System,False,17,82.03,93.78,71.97,80.0,8,1,1,1,1,0,2,1
2020-11-17 19:15:14,59,10,2020.11.17,600,Lasik44,Ainceer,1117,1160,Ainceer,1160,Black,C45,Scotch Game,True,41,75.89,61.35,68.4,99.62,23,1,1,0,2,0,9,0
2020-11-17 19:31:50,60,10,2020.11.17,600,Ainceer,unknownelement,1168,1145,Ainceer,1168,White,C00,French Defense Normal Variation,True,14,82.97,81.39,71.05,99.86,6,1,1,0,1,1,1,1
2020-11-18 11:15:34,61,10,2020.11.18,600,Yoni_Wan,Ainceer,1199,1161,Ainceer,1161,White,C47,Four Knights Game Italian Variation,False,16,71.08,99.92,73.3,40.0,5,1,1,1,0,0,4,2
2020-11-18 11:17:46,62,10,2020.11.18,600,Ainceer,Shecker00,1168,1104,Ainceer,1168,White,D00,Queens Pawn Opening Accelerated London System,True,18,78.98,84.32,99.49,53.13,7,0,0,1,1,0,3,2
2020-11-18 12:21:47,63,10,2020.11.18,600,ConnorTJ72,Ainceer,1194,1160,Ainceer,1160,White,D00,Queens Pawn Opening Chigorin Variation 2...Nf6,False,32,52.06,60.44,59.88,35.01,6,1,1,2,2,1,13,2
2020-11-18 12:31:32,64,10,2020.11.18,600,Ainceer,rahulchugh1201,1168,1166,Ainceer,1168,White,C00,French Defense Normal Variation,True,58,81.19,87.45,79.85,75.95,27,8,8,5,4,2,5,2
2020-11-18 14:36:49,65,10,2020.11.18,600,Ainceer,laskarshiladitya,1161,1201,Ainceer,1161,Black,D00,Queens Pawn Opening Accelerated London System,False,25,74.11,76.04,60.86,85.19,9,1,1,2,0,1,5,1
2020-11-18 14:46:28,66,10,2020.11.18,600,jordao006,Ainceer,1166,1169,Ainceer,1169,Black,C47,Four Knights Game Italian Variation,True,41,72.87,86.47,57.59,74.67,15,2,2,2,1,1,9,1
2020-11-18 17:44:44,67,10,2020.11.18,600,Darloval,Ainceer,1153,1177,Ainceer,1177,Black,C30,Kings Gambit,True,32,69.53,68.32,56.42,85.28,13,2,2,1,3,2,7,1
2020-11-18 17:59:01,68,10,2020.11.18,600,Ainceer,NotRemyRoth,1186,1207,Ainceer,1186,White,A45,Indian Game,True,44,80.05,81.64,79.41,79.02,18,4,4,1,4,0,6,2
2020-11-18 22:39:00,69,10,2020.11.18,600,Ainceer,mica205,1179,1232,Ainceer,1179,Black,B00,Kings Pawn Opening Owens Defense 2.d4,False,31,63.5,70.12,49.63,70.09,9,4,4,1,2,1,9,1
2020-11-19 10:48:52,70,10,2020.11.19,600,Karoly54,Ainceer,1173,1171,Ainceer,1171,White,C45,Scotch Game,False,14,55.3,61.33,53.9,49.15,2,0,0,3,0,0,5,2
2020-11-19 10:52:25,71,10,2020.11.19,600,BBongo,Ainceer,1146,1162,Ainceer,1162,White,C42,Petrovs Defense Three Knights Game,False,22,75.09,82.99,85.36,56.91,11,0,0,1,0,0,5,2
2020-11-19 10:59:20,72,10,2020.11.19,600,painter000,Ainceer,1205,1155,Ainceer,1155,White,B20,Sicilian Defense Staunton Cochrane Variation,False,5,51.15,93.98,16.66,0.0,1,1,1,0,0,0,2,2
2020-11-19 11:00:06,73,10,2020.11.19,600,Ainceer,gogipk,1162,1113,Ainceer,1162,White,A80,Dutch Defense 2.Bf4 e6,True,29,75.46,80.21,59.38,88.05,10,1,1,3,0,0,6,1
2020-11-19 11:41:46,74,10,2020.11.19,600,Ainceer,harnishparmar,1154,1172,Ainceer,1154,Black,D00,Queens Pawn Opening Accelerated London System,False,12,78.26,96.14,94.12,44.53,2,1,1,1,0,0,2,2
2020-11-19 11:45:07,75,10,2020.11.19,600,mdowd,Ainceer,1176,1146,Ainceer,1146,White,A20,English Opening Kings English Variation,False,18,64.62,85.02,72.32,30.9,2,1,1,1,4,1,3,2
2020-11-19 11:52:33,76,10,2020.11.19,600,Ainceer,abujameel,1154,1125,Ainceer,1154,White,D00,Queens Pawn Opening Accelerated London System,True,53,69.89,75.07,63.52,71.15,17,2,2,4,1,2,13,1
2020-11-19 14:38:49,77,10,2020.11.19,600,yojoen,Ainceer,1189,1163,Ainceer,1163,Black,C50,Giuoco Piano Game 4.O O Nf6,True,39,85.62,79.94,83.15,93.79,21,2,2,3,1,1,3,0
2020-11-19 15:03:48,78,10,2020.11.19,600,Ainceer,Crown_23,1163,1127,Ainceer,1163,Draw,A40,Englund Gambit 2.dxe5,False,7,95.23,98.01,86.3,100.0,4,0,0,1,0,0,0,1
2020-11-19 15:04:48,79,10,2020.11.19,600,Crown_23,Ainceer,1127,1163,Ainceer,1163,White,C57,Italian Game Fried Liver Attack 6...Kxf7 7.Qf3,False,38,79.8,70.81,81.33,88.02,15,2,2,4,2,0,5,0
2020-11-19 15:17:04,80,10,2020.11.19,600,Ainceer,Crown_23,1163,1127,Ainceer,1163,White,A40,Englund Gambit 2.dxe5 Nc6 3.Nf3 Qe7,True,60,75.27,74.23,68.67,82.91,27,2,2,7,5,1,10,1
2020-11-19 15:38:06,81,10,2020.11.19,600,Crown_23,Ainceer,1127,1163,Ainceer,1163,White,C55,Italian Game Two Knights Defense,False,44,71.79,53.41,74.07,89.2,14,1,1,3,2,3,8,0
2020-11-19 15:50:36,82,10,2020.11.19,600,Ainceer,Crown_23,1163,1127,Ainceer,1163,Black,C42,Petrovs Defense Classical Stafford Gambit,False,14,65.33,84.99,57.94,50.0,7,1,1,0,0,1,4,2
2020-11-19 20:02:46,83,10,2020.11.19,600,gigilumina,Ainceer,1249,1195,Ainceer,1195,White,C24,Bishops Opening Berlin Defense 3.d3 Bc5,False,16,76.31,95.78,56.98,76.18,3,3,3,0,0,0,3,1
2020-11-19 20:07:20,84,10,2020.11.19,600,badassdolphinater,Ainceer,1022,1203,Ainceer,1203,Black,D00,Queens Pawn Opening 1...d5 2.e3,True,16,85.86,89.42,70.74,96.71,6,3,3,1,0,1,1,1
2020-11-19 20:13:05,85,10,2020.11.19,600,Ainceer,akj0598,1194,1189,Ainceer,1194,Black,B06,Modern Defense with 1 e4 2.d4,False,26,65.6,93.77,35.05,68.27,8,2,2,3,1,1,7,1
2020-11-19 22:19:01,86,10,2020.11.19,180+2,Loweyboi,Ainceer,986,941,Ainceer,941,White,B40,Sicilian Defense Marshall Counterattack,False,19,71.52,67.69,90.29,56.57,5,3,3,1,5,0,2,2
2020-11-19 22:22:43,87,10,2020.11.19,180+2,Ainceer,IvanFranco7,887,929,Ainceer,887,Black,B12,Caro Kann Defense 2.d4 d5,False,25,64.36,80.0,53.34,57.79,8,0,0,2,0,2,7,1
2020-11-19 22:28:23,88,10,2020.11.19,180+2,colinholt,Ainceer,819,833,Ainceer,833,White,C42,Petrovs Defense Classical Damiano Variation 4.Qe2,False,7,56.34,99.96,9.2,59.87,1,0,0,1,1,0,2,1
2020-11-19 22:29:45,89,10,2020.11.19,180+2,Ainceer,Nguyen_Thomas,790,817,Ainceer,790,Black,D30,Queens Gambit Declined,False,25,69.44,82.54,54.6,69.54,9,3,3,0,0,2,6,1
2020-11-19 22:34:20,90,10,2020.11.19,180+2,Mr666Jiggles,Ainceer,777,752,Ainceer,752,White,D02,Queens Pawn Opening Krause Variation,False,33,63.86,85.89,63.94,39.54,9,1,1,2,0,3,9,2
2020-11-20 17:06:26,91,10,2020.11.20,600,Ainceer,pawnman333,1203,1214,Ainceer,1203,White,D00,Queens Pawn Opening Accelerated London System,True,36,73.27,84.71,82.04,53.06,7,5,5,2,3,1,6,2
2020-11-20 17:19:45,92,10,2020.11.20,600,saturne9,Ainceer,1222,1195,Ainceer,1195,White,D00,Queens Pawn Opening 1...d5 2.e3,False,26,58.06,94.59,39.75,35.28,6,3,3,1,1,2,8,2
2020-11-20 17:29:07,93,10,2020.11.20,600,Ainceer,jpack6,1188,1229,Ainceer,1188,Black,B12,Caro Kann Defense 2.d4,False,23,80.57,76.25,93.47,70.77,13,2,2,1,0,0,4,2
2020-11-20 18:32:16,94,10,2020.11.20,600,Ainceer,Foxworth002,1179,1157,Ainceer,1179,Black,A45,Indian Game,False,27,63.77,87.52,59.21,44.58,6,2,2,3,2,1,7,2
2020-11-20 18:51:20,95,10,2020.11.20,600,supaluck,Ainceer,1137,1186,Ainceer,1186,Black,D00,Queens Pawn Opening 1...d5 2.e3,True,14,75.48,95.47,64.34,61.66,4,1,1,0,2,0,2,2
2020-11-20 20:06:44,96,10,2020.11.20,600,Ainceer,markonovisad,1178,1198,Ainceer,1178,Black,A43,Old Benoni Defense Cormorant Gambit,False,28,76.19,82.94,82.42,62.46,10,4,4,2,2,1,4,2
2020-11-20 20:22:19,97,10,2020.11.20,600,steph9418,Ainceer,1140,1169,Ainceer,1169,White,C47,Four Knights Game Italian Variation,False,12,70.39,91.74,41.04,81.06,2,0,0,2,1,0,2,1
2020-11-20 20:25:00,98,10,2020.11.20,600,samirthapa32,Ainceer,1198,1161,Ainceer,1161,White,D30,Queens Gambit Declined,False,27,70.29,83.37,73.74,51.69,9,1,1,1,0,1,7,2
2020-11-20 20:33:40,99,10,2020.11.20,600,Ainceer,sargent00,1153,1153,Ainceer,1153,Black,A80,Dutch Defense 2.Bf4,False,28,67.52,77.46,68.22,55.79,8,0,0,4,3,0,6,2
2020-11-20 21:59:43,100,10,2020.11.20,600,Ainceer,juansiebenlist,1162,1169,Ainceer,1162,White,D00,Queens Pawn Opening Accelerated London System,True,30,69.8,79.34,67.76,62.3,11,1,1,1,2,0,8,2
2020-11-20 23:02:26,101,10,2020.11.20,180,sergiofilho80,Ainceer,766,787,Ainceer,787,Black,C23,Bishops Opening,True,12,49.23,57.47,51.4,38.82,2,0,0,3,1,0,5,2
2020-11-20 23:04:26,102,10,2020.11.20,180,prussianprince23,Ainceer,772,755,Ainceer,755,White,B12,Caro Kann Defense 2.d4 d5,False,21,70.18,78.43,61.68,70.46,7,0,0,1,0,2,5,1
2020-11-20 23:08:25,103,10,2020.11.20,180,Ainceer,jerryapaza123,727,757,Ainceer,727,Black,D02,Queens Pawn Opening Pseudo Catalan Variation,False,29,62.79,95.55,69.99,18.39,7,1,1,0,1,0,10,2
2020-11-20 23:14:44,104,10,2020.11.20,600,Ainceer,BPSL14,1153,1143,Ainceer,1153,Black,A41,Queens Pawn Opening 1...d6,False,27,60.72,80.5,66.05,35.6,10,0,0,2,1,1,9,2
2020-11-21 10:52:11,105,10,2020.11.21,600,Ainceer,Cosmicpower20,1146,1207,Ainceer,1146,Black,D02,Queens Pawn Opening Zukertort Variation,False,34,72.87,87.16,66.52,63.64,14,3,3,0,3,0,7,2
2020-11-21 11:04:15,106,10,2020.11.21,600,anjelinadcruzz,Ainceer,1115,1153,Ainceer,1153,Black,D01,Richter Veresov Attack 3...e6,True,22,60.06,75.82,57.95,44.16,6,1,1,3,1,2,6,2
2020-11-21 11:09:35,107,10,2020.11.21,600,Ainceer,anjelinadcruzz,1152,1116,Ainceer,1152,Draw,C00,French Defense Normal Variation,False,40,74.51,76.72,71.57,75.07,19,2,2,7,1,0,7,1
2020-11-21 11:23:22,108,10,2020.11.21,600,NonemoreBlack,Ainceer,1175,1144,Ainceer,1144,White,C30,Kings Gambit 2...f6,False,17,49.88,52.17,65.84,31.16,3,0,0,1,2,0,7,2
2020-11-21 15:36:31,109,10,2020.11.21,600,cubforbes,Ainceer,1148,1136,Ainceer,1136,White,C21,Center Game,False,12,60.68,51.74,87.56,36.76,4,0,0,0,1,0,4,2
2020-11-21 15:40:52,110,10,2020.11.21,600,Ainceer,cook64,1127,1117,Ainceer,1127,Black,D02,Queens Pawn Opening Anti Torre Attack,False,55,71.32,69.46,64.53,80.06,17,4,4,4,3,3,11,1
2020-11-21 15:58:55,111,10,2020.11.21,600,Ainceer,sambathkumarr,1136,1152,Ainceer,1136,White,A41,Queens Pawn Opening Tartakower Variation,True,28,65.25,66.64,67.34,61.61,7,3,3,2,0,3,7,2
2020-11-21 17:16:05,112,10,2020.11.21,600,JoshLjung,Ainceer,1165,1129,Ainceer,1129,White,C00,French Defense Knight Variation,False,21,44.11,65.13,26.46,40.18,4,0,0,0,2,2,9,1
2020-11-21 17:26:23,113,10,2020.11.21,600,Somansh1,Ainceer,1104,1120,Ainceer,1120,White,E61,Kings Indian Defense 3.Nc3 d6,False,23,59.45,73.61,48.92,53.78,8,1,1,3,1,0,8,1
2020-11-21 17:34:13,114,10,2020.11.21,600,Ainceer,Sarech,1127,1075,Ainceer,1127,White,A40,Queens Pawn Opening Horwitz Defense 2.Bf4,True,34,60.27,72.38,34.86,72.46,13,1,1,1,1,2,12,1
2020-11-21 22:11:11,115,10,2020.11.21,600,SilkyTawdry,Ainceer,1146,1136,Ainceer,1136,Black,C23,Bishops Opening,True,23,76.29,68.98,69.9,91.95,12,1,1,4,1,0,4,0
2020-11-21 22:20:52,116,10,2020.11.21,600,Ainceer,Sparky15,1144,1080,Ainceer,1144,White,D00,Queens Pawn Opening Accelerated London System,True,19,86.75,98.01,74.94,85.42,8,0,0,1,0,0,2,1
2020-11-21 22:26:10,117,10,2020.11.21,600,patrickellan,Ainceer,1111,1151,Ainceer,1151,Black,A10,English Opening Anglo Lithuanian Variation,True,24,83.49,82.34,77.08,91.06,13,0,0,2,3,0,2,1
2020-11-22 12:36:52,118,10,2020.11.22,600,Ainceer,splayschess,1142,1117,Ainceer,1142,Black,A40,Queens Pawn Opening 1...c6,False,31,71.93,80.06,57.77,77.15,9,2,2,1,1,3,6,1
2020-11-22 12:49:02,119,10,2020.11.22,600,Mohamed445599,Ainceer,1169,1134,Ainceer,1134,White,C42,Petrovs Defense Urusov Gambit,False,18,64.64,66.66,50.02,79.75,9,0,0,0,0,0,6,1
2020-11-22 12:54:50,120,10,2020.11.22,600,jus4yurluv,Ainceer,1128,1126,Ainceer,1126,White,A00,Vant Kruijs Opening 1...e5,False,41,53.32,61.36,40.21,57.79,10,2,2,1,4,1,16,1
2020-11-22 13:04:32,121,10,2020.11.22,180,legna244,Ainceer,767,704,Ainceer,704,White,C23,Bishops Opening Khan Gambit,False,29,45.11,47.6,62.18,25.26,6,1,1,4,0,2,13,2
2020-11-22 13:09:45,122,10,2020.11.22,180,Lalit976,Ainceer,573,724,Ainceer,724,Black,A00,Mieses Opening Reversed Rat Variation,True,12,71.83,80.01,98.78,36.68,1,1,1,0,1,1,2,2
2020-11-22 13:12:23,123,10,2020.11.22,180,Ainceer,motomoto16,698,697,Ainceer,698,Black,A40,Queens Pawn Opening Mikenas Defense 2.Nf3,False,14,75.26,91.85,98.97,24.89,4,1,1,1,0,0,3,2
2020-11-22 13:14:52,124,10,2020.11.22,180,David_Kalisch,Ainceer,649,717,Ainceer,717,Black,A40,Englund Gambit Declined Reversed French Variation,True,65,70.82,76.66,64.16,71.67,22,4,4,7,4,1,14,1
2020-11-22 20:45:29,125,10,2020.11.22,600,urssbauto,Ainceer,984,1135,Ainceer,1135,Black,A21,English Opening Reversed Sicilian Variation,True,11,94.24,93.57,94.88,94.28,4,3,3,0,0,0,0,0
2020-11-22 20:50:29,126,10,2020.11.22,600,Ainceer,germanymora8313,1143,1088,Ainceer,1143,White,D00,Queens Pawn Opening Accelerated London System,True,26,75.46,92.98,47.24,87.5,11,2,2,1,3,0,4,1
2020-11-22 21:06:04,127,10,2020.11.22,600,Ainceer,hygl17,1136,1181,Ainceer,1136,Black,A40,Englund Gambit 2.dxe5 Nc6 3.Nf3 Qe7,False,6,74.53,97.3,100.0,26.3,3,0,0,0,1,0,1,2
2020-11-22 21:07:58,128,10,2020.11.22,600,Ainceer,lvargasm,1146,1195,Ainceer,1146,White,B07,Pirc Defense 2.d4,True,41,82.82,83.3,85.53,79.39,19,2,2,3,2,1,4,2
2020-11-22 21:19:28,129,10,2020.11.22,600,Ainceer,MeVict0r,1153,1052,Ainceer,1153,White,D00,Queens Pawn Opening Accelerated London System,True,35,87.84,92.41,80.08,91.33,21,0,0,2,2,1,2,1
2020-11-22 21:29:50,130,10,2020.11.22,600,Ainceer,Franzie74,1162,1095,Ainceer,1162,White,D00,Queens Pawn Opening Accelerated London System,True,16,62.63,65.13,46.42,75.84,4,1,1,1,0,2,4,1
2020-11-22 22:28:08,131,10,2020.11.22,600,droti66,Ainceer,1105,1153,Ainceer,1153,White,B07,Pirc Defense Modern Defense Geller System,False,17,69.87,91.77,46.03,72.2,6,1,1,2,1,1,3,1
2020-11-22 22:33:37,132,10,2020.11.22,600,contomman,Ainceer,1231,1146,Ainceer,1146,White,B06,Modern Defense with 1 e4 2.d4 Bg7 3.Nf3 d6,False,27,66.05,84.3,55.29,57.61,9,1,1,3,0,0,8,1
2020-11-22 22:43:46,133,10,2020.11.22,600,ddevin25,Ainceer,1132,1155,Ainceer,1155,Black,C00,French Defense La Bourdonnais Variation 2...d5,True,8,95.66,99.07,97.27,88.15,3,0,0,1,0,0,0,2
2020-11-22 22:49:27,134,10,2020.11.22,600,Ainceer,Ma7teo,1162,1097,Ainceer,1162,White,D00,Queens Pawn Opening Accelerated London System,True,18,83.75,91.01,100.0,60.24,11,0,0,2,0,1,2,2
2020-11-23 12:50:03,135,10,2020.11.23,600,FS2222,Ainceer,1169,1154,Ainceer,1154,White,C00,French Defense Normal Variation,False,20,34.16,58.86,22.85,16.67,4,0,0,0,0,1,12,2
2020-11-23 12:56:05,136,10,2020.11.23,600,pbu007,Ainceer,1169,1163,Ainceer,1163,Black,C00,French Defense,True,25,63.24,56.92,49.14,84.45,9,1,1,1,4,0,7,1
2020-11-23 15:45:11,137,10,2020.11.23,600,Ainceer,antonlewz,1172,1182,Ainceer,1172,White,D00,Queens Pawn Opening Accelerated London System,True,53,85.25,82.93,97.73,74.48,21,4,4,3,0,0,6,2
2020-11-23 15:58:00,138,10,2020.11.23,600,Ainceer,JayanL,1179,1130,Ainceer,1179,White,A40,Queens Pawn Opening Polish Defense,True,24,60.68,66.92,50.28,64.84,5,3,3,1,1,2,7,1
2020-11-23 16:07:51,139,10,2020.11.23,600,chavesrui,Ainceer,1194,1171,Ainceer,1171,White,C02,French Defense Advance Variation 3...c5,False,6,79.71,99.46,100.0,39.68,3,0,0,1,0,0,1,2
2020-11-23 16:08:42,140,10,2020.11.23,600,Ainceer,Fish2285110,1178,1123,Ainceer,1178,White,A40,Queens Pawn Opening Mikenas Defense 2.Nf3,True,26,75.9,84.09,57.46,87.42,10,3,3,0,0,1,5,1
2020-11-23 16:17:28,141,10,2020.11.23,600,Fish2285110,Ainceer,1116,1185,Ainceer,1185,Black,C00,French Defense,True,20,88.49,92.61,77.22,96.83,7,2,2,2,2,0,0,1
2020-11-23 16:23:10,142,10,2020.11.23,600,Ainceer,Fish2285110,1191,1110,Ainceer,1191,White,D00,Queens Pawn Opening Accelerated London System,True,52,70.94,61.75,66.47,85.13,22,2,2,2,6,1,11,0
2020-11-23 16:53:33,143,10,2020.11.23,600,Ainceer,Amin2800,1199,1201,Ainceer,1199,White,D00,Queens Pawn Opening Accelerated London System,True,32,70.46,74.64,68.97,67.49,12,0,0,3,0,1,8,2
2020-11-23 22:48:16,144,10,2020.11.23,600,Ainceer,Ziva2019,1207,1170,Ainceer,1207,White,D00,Queens Pawn Opening Accelerated London System,True,25,71.29,91.81,50.02,69.48,6,2,2,4,2,0,5,1
2020-11-23 22:58:21,145,10,2020.11.23,600,geist110,Ainceer,1159,1214,Ainceer,1214,Black,D11,Slav Defense Modern Line 3...dxc4,True,30,90.51,92.06,89.26,90.22,15,1,1,3,0,1,1,1
2020-11-23 23:07:12,146,10,2020.11.23,600,ipoka,Ainceer,1184,1221,Ainceer,1221,Black,C00,French Defense Steinitz Attack,True,29,74.56,92.8,53.98,77.17,15,3,3,1,0,1,6,1
2020-11-24 22:43:00,147,10,2020.11.24,600,caluacos20,Ainceer,1203,1212,Ainceer,1212,White,C00,French Defense Knight Variation,False,16,80.47,90.38,71.02,80.0,6,1,1,1,1,0,2,1
2020-11-24 22:47:40,148,10,2020.11.24,600,Ainceer,1maxilus1,1221,1231,Ainceer,1221,White,D00,Queens Pawn Opening Accelerated London System,True,17,82.68,95.6,75.96,75.23,3,2,2,1,1,1,1,2
2020-11-25 13:21:10,149,10,2020.11.25,600,vsivaraman,Ainceer,1053,1229,Ainceer,1229,Black,C00,French Defense Schlechter Variation,True,56,74.88,83.61,75.77,64.73,24,1,1,6,1,6,8,2
2020-11-25 13:34:29,150,10,2020.11.25,600,Ainceer,Korzok,1219,1162,Ainceer,1219,Black,D00,Queens Pawn Opening Accelerated London System,False,27,79.1,94.93,80.34,62.02,9,1,1,5,0,0,4,2
2020-11-25 17:10:32,151,10,2020.11.25,600,Ioannis2011,Ainceer,1260,1220,Ainceer,1220,Draw,C01,French Defense Exchange Monte Carlo Variation 4...c6,False,54,71.05,69.1,72.6,71.47,26,2,2,3,3,2,12,0
2020-11-25 17:29:08,152,10,2020.11.25,600,drivephangan,Ainceer,1219,1220,Ainceer,1220,Draw,C00,French Defense Knight Variation 2...d5,False,93,83.79,90.99,78.34,82.03,41,4,4,3,3,1,11,1
2020-11-25 21:08:21,153,10,2020.11.25,600,Ainceer,mhmdsayed1122,1212,1239,Ainceer,1212,Black,D00,Queens Pawn Opening Accelerated London System,False,37,68.96,68.14,71.34,67.48,9,5,5,3,2,3,7,2
2020-11-25 21:21:10,154,10,2020.11.25,600,Ainceer,blackpawn5,1204,1241,Ainceer,1204,Black,D00,Queens Pawn Opening Accelerated London System,False,11,78.0,88.64,97.91,37.27,3,0,0,1,0,0,2,2
2020-11-25 21:23:45,155,10,2020.11.25,600,Ainceer,giovanni195901010,1196,1196,Ainceer,1196,Black,D00,Queens Pawn Opening Accelerated London System,False,34,64.37,83.91,54.26,53.15,10,2,2,1,3,4,7,2
2020-11-26 18:54:21,156,10,2020.11.26,600,Ainceer,LittoGJ,1187,1156,Ainceer,1187,Black,A40,Englund Gambit Deferred Soller Gambit,False,15,66.67,72.61,67.18,60.23,4,1,1,0,1,1,4,2
2020-11-26 18:58:15,157,10,2020.11.26,600,Cancer8er0,Ainceer,1143,1194,Ainceer,1194,Black,C00,French Defense Normal Variation,True,24,59.27,50.61,50.43,76.77,10,1,1,0,0,0,10,1
2020-11-26 19:09:27,158,10,2020.11.26,600,Ainceer,ehlimanhhh,1186,1214,Ainceer,1186,Black,D00,Queens Pawn Opening Accelerated London System,False,8,66.27,96.9,79.41,0.6,0,0,0,0,1,0,2,2
2020-11-26 19:12:10,159,10,2020.11.26,600,capone138,Ainceer,1170,1194,Ainceer,1194,Black,C02,French Defense Advance Variation 3...c5 4.c3 Nc6,True,29,78.18,83.61,63.08,88.92,14,3,3,4,2,1,3,1
2020-11-26 19:25:12,160,10,2020.11.26,600,89mike89,Ainceer,1197,1194,Ainceer,1194,Draw,C00,French Defense Knight Variation Two Knights Variation,False,31,61.17,75.69,59.13,47.23,11,1,1,2,3,0,10,2
2020-11-26 22:18:33,161,10,2020.11.26,600,Doctor2M,Ainceer,1203,1202,Ainceer,1202,Black,A00,Vant Kruijs Opening,True,58,86.87,83.86,85.0,91.91,30,5,5,3,2,0,5,0
2020-11-26 22:32:12,162,10,2020.11.26,600,Ainceer,bryglow,1211,1219,Ainceer,1211,White,D00,Queens Pawn Opening Accelerated London System,True,42,80.6,80.96,82.64,78.21,19,2,2,2,3,0,6,2
2020-11-26 22:46:17,163,10,2020.11.26,600,Asian_Swag,Ainceer,1164,1218,Ainceer,1218,Black,D32,Tarrasch Defense 4.e3,True,16,86.04,91.02,88.27,77.82,7,1,1,1,2,0,1,2
2020-11-26 22:53:16,164,10,2020.11.26,600,DutchRudder5,Ainceer,1194,1209,Ainceer,1209,White,D02,Queens Pawn Opening Zukertort Variation,False,16,67.7,67.7,71.68,63.71,3,1,1,1,0,1,4,2
2020-11-26 22:56:59,165,10,2020.11.26,600,onthemargin,Ainceer,1195,1200,Ainceer,1200,White,A04,Reti Opening Queens Gambit Invitation,False,22,71.09,84.42,68.83,60.04,6,1,1,1,0,1,5,2
2020-11-27 10:14:24,166,10,2020.11.27,600,Ainceer,Hoangquan9195,1207,1169,Ainceer,1207,White,D00,Queens Pawn Opening Accelerated London System,True,22,64.6,93.43,36.4,59.85,8,0,0,1,3,0,6,1
2020-11-27 10:21:01,167,10,2020.11.27,600,Ainceer,edzavna,1200,1249,Ainceer,1200,Black,A40,Queens Pawn Opening Horwitz Defense 2.Bf4,False,30,64.8,77.85,54.11,62.44,5,2,2,2,2,1,8,1
2020-11-27 10:30:13,168,10,2020.11.27,600,DirkBonaobra,Ainceer,1182,1191,Ainceer,1191,White,C00,French Defense Knight Variation 2...d5,False,22,64.65,97.79,47.64,48.53,8,1,1,0,1,1,6,1
2020-11-27 10:37:19,169,10,2020.11.27,600,Ainceer,ShifuOfChess,1199,1178,Ainceer,1199,White,A45,Indian Game,True,5,98.16,95.56,99.84,100.0,2,0,0,0,0,0,0,0
2020-11-27 22:20:36,170,10,2020.11.27,600,Ainceer,mambotango2,1207,1180,Ainceer,1207,White,A40,Queens Pawn Opening Horwitz Defense 2.Bf4,True,29,65.53,83.28,54.04,58.57,11,2,2,1,2,1,8,1
2020-11-27 22:31:41,171,10,2020.11.27,600,iol0310,Ainceer,1148,1214,Ainceer,1214,Black,C00,French Defense Knight Variation Two Knights Variation,True,10,81.83,79.63,99.7,66.9,4,1,1,0,0,1,1,2
2020-11-27 22:34:03,172,10,2020.11.27,600,leaderfirestar,Ainceer,1221,1222,Ainceer,1222,Black,C00,French Defense Knight Variation 2...d5,True,36,83.93,86.54,91.46,72.85,18,0,0,0,5,0,3,2
2020-11-27 22:41:30,173,10,2020.11.27,600,Ainceer,waynebcox,1215,1255,Ainceer,1215,Black,D00,Queens Pawn Opening Accelerated London System,False,18,73.15,88.03,88.52,42.9,5,0,0,2,2,0,3,2
2020-11-27 22:47:28,174,10,2020.11.27,600,JonWeb,Ainceer,1225,1207,Ainceer,1207,White,C01,French Defense Exchange Variation 3...exd5 4.Nf3,False,23,83.48,81.9,98.26,68.38,13,2,2,1,0,0,3,2
2020-11-27 22:56:07,175,10,2020.11.27,600,Ainceer,BrasdfsdfveLock,1200,1256,Ainceer,1200,Black,D00,Queens Pawn Opening Accelerated London System,False,39,79.0,91.02,84.41,61.56,19,1,1,1,1,0,7,2
2020-11-28 20:24:59,176,10,2020.11.28,600,aajjbbmm,Ainceer,1200,1208,Ainceer,1208,Black,C00,French Defense,True,43,62.86,77.23,65.5,44.82,17,0,0,3,3,1,13,2
2020-11-30 22:47:51,177,10,2020.11.30,600,erredi,Ainceer,1227,1200,Ainceer,1200,White,C00,French Defense Steinitz Attack,False,30,73.08,86.99,72.23,60.01,12,2,2,2,3,2,4,2
2020-11-30 23:00:05,178,10,2020.11.30,600,Ainceer,TomTomDor29,1207,1159,Ainceer,1207,White,D00,Queens Pawn Opening Accelerated London System,True,16,78.92,96.88,70.72,65.57,7,1,1,0,1,1,2,2
2020-11-30 23:05:45,179,10,2020.11.30,600,TomTomDor29,Ainceer,1152,1214,Ainceer,1214,Black,D00,Queens Pawn Opening Chigorin Variation,True,26,76.27,70.2,84.62,73.71,12,3,3,2,1,1,4,0
2020-11-30 23:14:32,180,10,2020.11.30,600,Ainceer,textexas,1222,1194,Ainceer,1222,White,A40,Englund Gambit Hartlaub Charlick Gambit,True,5,89.38,97.3,76.16,100.0,2,0,0,0,1,0,0,1
2020-11-30 23:15:21,181,10,2020.11.30,600,Ainceer,Escolhido,1230,1216,Ainceer,1230,White,D00,Queens Pawn Opening Accelerated London System,True,55,87.2,94.93,71.79,94.44,35,1,1,3,3,1,4,1
2020-12-01 13:49:22,182,10,2020.12.01,600,Ainceer,amit1903,1221,1200,Ainceer,1221,Black,D00,Queens Pawn Opening Accelerated London System,False,53,78.82,74.24,76.81,85.81,18,6,6,3,4,1,7,0
2020-12-01 14:03:34,183,10,2020.12.01,600,Deoxisq8q92,Ainceer,1228,1229,Ainceer,1229,Black,C00,French Defense Knight Variation 2...d5 3.e5 c5,True,33,69.44,79.65,45.69,84.34,14,0,0,2,1,3,7,1
2020-12-01 14:19:34,184,10,2020.12.01,600,anthonyfelicilda,Ainceer,1196,1236,Ainceer,1236,Black,D20,Queens Gambit Accepted Central Variation McDonnell Defense,True,14,99.95,99.86,100.0,100.0,11,0,0,0,0,0,0,0
2020-12-01 18:08:48,185,10,2020.12.01,600,josean5,Ainceer,1221,1227,Ainceer,1227,White,D30,Queens Gambit Declined Traditional Variation,False,16,76.73,90.22,80.08,59.87,5,0,0,2,0,0,3,2
2020-12-01 18:16:16,186,10,2020.12.01,600,Ainceer,blessed10,1219,1240,Ainceer,1219,Black,A40,Queens Pawn Opening Horwitz Defense 2.Bf4,False,29,67.58,85.28,53.58,63.48,7,3,3,0,3,2,6,1
2020-12-01 18:25:39,187,10,2020.12.01,600,Koch-10,Ainceer,1246,1228,Ainceer,1228,Black,C00,French Defense Horwitz Attack 2...d5,True,56,58.3,62.13,45.89,67.34,18,3,3,2,1,5,19,1
2020-12-01 20:09:29,188,10,2020.12.01,180,julienxu,Ainceer,660,735,Ainceer,735,Black,A00,Mieses Opening,True,36,60.51,72.3,50.64,58.59,11,3,3,1,5,0,11,1
2020-12-01 20:14:16,189,10,2020.12.01,180,Gorjito10,Ainceer,767,758,Ainceer,758,Black,C02,French Defense Advance Variation 3...c5 4.c3 Nc6,True,30,68.72,88.7,67.61,49.85,11,1,1,4,4,1,6,2
2020-12-01 20:22:22,190,10,2020.12.01,180,Ainceer,Crown_23,758,1075,Ainceer,758,White,A40,Queens Pawn Opening 1...c6,True,21,76.86,96.25,72.31,62.02,7,1,1,5,0,0,3,2
2020-12-01 20:26:44,191,10,2020.12.01,180,Crown_23,Ainceer,1075,758,Ainceer,758,Black,C50,Giuoco Piano Game Four Knights Game,True,25,55.95,68.63,75.04,22.59,8,0,0,1,0,0,11,2
2020-12-01 20:34:49,192,10,2020.12.01,180,Ainceer,Crown_23,758,1075,Ainceer,758,Draw,A40,Englund Gambit Hartlaub Charlick Gambit,False,4,82.66,97.3,89.68,46.36,1,1,1,0,1,0,0,2
2020-12-01 20:35:51,193,10,2020.12.01,180,Crown_23,Ainceer,1075,758,Ainceer,758,White,C42,Petrovs Defense Urusov Lichtenhein Defense 4.Nc3,False,15,58.92,80.24,40.66,55.87,7,0,0,1,0,0,6,1
2020-12-02 18:54:12,194,10,2020.12.02,600,Ainceer,SrideviRaj,1220,1216,Ainceer,1220,Black,A40,Queens Pawn Opening Horwitz Defense 2.Bf4,False,20,56.67,55.05,71.43,41.34,4,1,1,5,1,0,7,2
2020-12-02 18:59:09,195,10,2020.12.02,600,Ainceer,joaquinespiga,1228,1193,Ainceer,1228,White,D00,Queens Pawn Opening 1...d5,True,23,63.65,88.25,56.95,43.19,8,1,1,0,1,1,7,2
2020-12-02 21:34:54,196,10,2020.12.02,180,Ainceer,Crown_23,758,1107,Ainceer,758,White,A40,Queens Pawn Opening 1...c6,True,28,83.42,94.1,72.95,82.02,9,4,4,1,2,2,1,1
2020-12-02 21:41:27,197,10,2020.12.02,180,Crown_23,Ainceer,1107,758,Ainceer,758,White,B12,Caro Kann Defense Advance Variation,False,35,80.29,93.52,73.99,72.14,15,2,2,1,1,0,6,2
2020-12-02 21:47:22,198,10,2020.12.02,180,Ainceer,Crown_23,758,1107,Ainceer,758,Black,B12,Caro Kann Defense Advance Variation 3...Bf5,False,34,70.81,81.72,83.8,45.9,16,5,5,0,1,1,8,2
